{
  "IcoMoonType": "selection",
  "icons": [
    {
      "icon": {
        "paths": [
          "M800.571 199.429l-365.714 731.429c-6.286 12.571-18.857 20-32.571 20-2.857 0-5.714-0.571-8.571-1.143-16.571-4-28-18.286-28-35.429v-329.143h-329.143c-17.143 0-31.429-11.429-35.429-28s4-33.714 18.857-41.143l731.429-365.714c5.143-2.857 10.857-4 16.571-4 9.714 0 18.857 3.429 25.714 10.857 11.429 10.857 14.286 28 6.857 42.286z"
        ],
        "width": 805.1565714285713,
        "attrs": [],
        "isMulticolor": false,
        "isMulticolor2": false,
        "tags": [
          "location-arrow"
        ],
        "defaultCode": 61732,
        "grid": 14
      },
      "attrs": [],
      "properties": {
        "name": "location-arrow",
        "id": 261,
        "order": 6,
        "prevSize": 28,
        "code": 61732
      },
      "setIdx": 0,
      "setId": 3,
      "iconIdx": 261
    },
    {
      "icon": {
        "paths": [
          "M73.143 950.857h804.571v-585.143h-804.571v585.143zM292.571 256v-164.571c0-10.286-8-18.286-18.286-18.286h-36.571c-10.286 0-18.286 8-18.286 18.286v164.571c0 10.286 8 18.286 18.286 18.286h36.571c10.286 0 18.286-8 18.286-18.286zM731.429 256v-164.571c0-10.286-8-18.286-18.286-18.286h-36.571c-10.286 0-18.286 8-18.286 18.286v164.571c0 10.286 8 18.286 18.286 18.286h36.571c10.286 0 18.286-8 18.286-18.286zM950.857 219.429v731.429c0 40-33.143 73.143-73.143 73.143h-804.571c-40 0-73.143-33.143-73.143-73.143v-731.429c0-40 33.143-73.143 73.143-73.143h73.143v-54.857c0-50.286 41.143-91.429 91.429-91.429h36.571c50.286 0 91.429 41.143 91.429 91.429v54.857h219.429v-54.857c0-50.286 41.143-91.429 91.429-91.429h36.571c50.286 0 91.429 41.143 91.429 91.429v54.857h73.143c40 0 73.143 33.143 73.143 73.143z"
        ],
        "width": 950.8571428571428,
        "attrs": [],
        "isMulticolor": false,
        "isMulticolor2": false,
        "tags": [
          "calendar-o"
        ],
        "defaultCode": 61747,
        "grid": 14
      },
      "attrs": [],
      "properties": {
        "name": "calendar-o",
        "id": 274,
        "order": 8,
        "prevSize": 28,
        "code": 61747
      },
      "setIdx": 0,
      "setId": 3,
      "iconIdx": 274
    },
    {
      "icon": {
        "paths": [
          "M365.714 768c0 60.571-49.143 109.714-109.714 109.714s-109.714-49.143-109.714-109.714c0-45.714 28.571-87.429 73.143-103.429v-518.286h73.143v518.286c44.571 16 73.143 57.714 73.143 103.429zM438.857 768c0-60-28.571-112.571-73.143-146.286v-438.857c0-60.571-49.143-109.714-109.714-109.714s-109.714 49.143-109.714 109.714v438.857c-44.571 33.714-73.143 86.286-73.143 146.286 0 101.143 81.714 182.857 182.857 182.857s182.857-81.714 182.857-182.857zM512 768c0 141.143-114.857 256-256 256s-256-114.857-256-256c0-69.714 28-132.571 73.143-178.857v-406.286c0-101.143 81.714-182.857 182.857-182.857s182.857 81.714 182.857 182.857v406.286c45.143 46.286 73.143 109.143 73.143 178.857zM585.143 438.857v73.143h-109.714v-73.143h109.714zM585.143 292.571v73.143h-109.714v-73.143h109.714zM585.143 146.286v73.143h-109.714v-73.143h109.714z"
        ],
        "width": 585.1428571428571,
        "attrs": [],
        "isMulticolor": false,
        "isMulticolor2": false,
        "tags": [
          "thermometer",
          "thermometer-4",
          "thermometer-full"
        ],
        "defaultCode": 62151,
        "grid": 14
      },
      "attrs": [],
      "properties": {
        "name": "thermometer, thermometer-4, thermometer-full",
        "id": 651,
        "order": 3,
        "prevSize": 28,
        "code": 62151
      },
      "setIdx": 0,
      "setId": 3,
      "iconIdx": 651
    },
    {
      "icon": {
        "paths": [
          "M365.714 768c0 60.571-49.143 109.714-109.714 109.714s-109.714-49.143-109.714-109.714c0-60 48.571-109.714 109.714-109.714s109.714 50.286 109.714 109.714zM438.857 768c0-60-28.571-112.571-73.143-146.286v-438.857c0-60.571-49.143-109.714-109.714-109.714s-109.714 49.143-109.714 109.714v438.857c-44.571 33.714-73.143 86.286-73.143 146.286 0 101.143 81.714 182.857 182.857 182.857s182.857-81.714 182.857-182.857zM512 768c0 141.143-114.857 256-256 256s-256-114.857-256-256c0-69.714 28-132.571 73.143-178.857v-406.286c0-101.143 81.714-182.857 182.857-182.857s182.857 81.714 182.857 182.857v406.286c45.143 46.286 73.143 109.143 73.143 178.857zM585.143 438.857v73.143h-109.714v-73.143h109.714zM585.143 292.571v73.143h-109.714v-73.143h109.714zM585.143 146.286v73.143h-109.714v-73.143h109.714z"
        ],
        "width": 585.1428571428571,
        "attrs": [],
        "isMulticolor": false,
        "isMulticolor2": false,
        "tags": [
          "thermometer-0",
          "thermometer-empty"
        ],
        "defaultCode": 62155,
        "grid": 14
      },
      "attrs": [],
      "properties": {
        "name": "thermometer-0, thermometer-empty",
        "id": 655,
        "order": 4,
        "prevSize": 28,
        "code": 62155
      },
      "setIdx": 0,
      "setId": 3,
      "iconIdx": 655
    }
  ],
  "height": 1024,
  "metadata": {
    "name": "icomoon"
  },
  "preferences": {
    "showGlyphs": true,
    "showQuickUse": true,
    "showQuickUse2": true,
    "showSVGs": true,
    "fontPref": {
      "prefix": "icon-",
      "metadata": {
        "fontFamily": "icomoon"
      },
      "metrics": {
        "emSize": 1024,
        "baseline": 6.25,
        "whitespace": 50
      },
      "embed": false
    },
    "imagePref": {
      "prefix": "icon-",
      "png": true,
      "useClassSelector": true,
      "color": 0,
      "bgColor": 16777215,
      "classSelector": ".icon"
    },
    "historySize": 50,
    "showCodes": true,
    "gridSize": 16
  }
}